idade(meses),sexo,sexo,P0.1 Min,P0.1 Max,P3 Min,P3 Max,P5 Min,P5 Max,P10 Min,P10 Max,P15 Min,P15 Max,P50 Min,P50 Max,P85 Min,P85 Max,P97 Min,P97 Max,P99.9 Min
24,1,M,12.8,13.8,13.9,14.1,14.2,14.4,14.5,14.7,14.8,15.9,16.0,17.3,17.4,18.6,18.7,20.7,20.8
24,2,F,12.3,13.4,13.5,13.6,13.7,14.0,14.1,14.3,14.4,15.6,15.7,17.1,17.2,18.4,18.5,20.7,20.8
25,1,M,12.8,13.8,13.9,14.0,14.1,14.4,14.5,14.7,14.8,15.9,16.0,17.3,17.4,18.5,18.6,20.6,20.7
25,2,F,12.3,13.3,13.4,13.6,13.7,14.0,14.1,14.3,14.4,15.6,15.7,17.0,17.1,18.4,18.5,20.7,20.8
26,1,M,12.7,13.7,13.8,14.0,14.1,14.4,14.5,14.6,14.7,15.8,15.9,17.2,17.3,18.5,18.6,20.5,20.6
26,2,F,12.3,13.3,13.4,13.6,13.7,14.0,14.1,14.3,14.4,15.5,15.6,17.0,17.1,18.4,18.5,20.6,20.7
27,1,M,12.7,13.7,13.8,13.9,14.0,14.3,14.4,14.6,14.7,15.8,15.9,17.2,17.3,18.4,18.5,20.5,20.6
27,2,F,12.2,13.3,13.4,13.6,13.7,13.9,14.0,14.2,14.3,15.5,15.6,17.0,17.1,18.3,18.4,20.6,20.7
28,1,M,12.6,13.7,13.8,13.9,14.0,14.3,14.4,14.6,14.7,15.8,15.9,17.1,17.2,18.4,18.5,20.4,20.5
28,2,F,12.2,13.3,13.4,13.5,13.6,13.9,14.0,14.2,14.3,15.5,15.6,16.9,17.0,18.3,18.4,20.6,20.7
29,1,M,12.6,13.6,13.7,13.9,14.0,14.3,14.4,14.5,14.6,15.7,15.8,17.1,17.2,18.3,18.4,20.4,20.5
29,2,F,12.2,13.3,13.4,13.5,13.6,13.9,14.0,14.2,14.3,15.5,15.6,16.9,17.0,18.3,18.4,20.5,20.6
30,1,M,12.5,13.6,13.7,13.8,13.9,14.2,14.3,14.5,14.6,15.7,15.8,17.1,17.2,18.3,18.4,20.3,20.4
30,2,F,12.2,13.2,13.3,13.5,13.6,13.9,14.0,14.2,14.3,15.4,15.5,16.9,17.0,18.2,18.3,20.5,20.6
31,1,M,12.5,13.6,13.7,13.8,13.9,14.2,14.3,14.4,14.5,15.7,15.8,17.0,17.1,18.3,18.4,20.2,20.3
31,2,F,12.2,13.2,13.3,13.5,13.6,13.9,14.0,14.1,14.2,15.4,15.5,16.9,17.0,18.2,18.3,20.5,20.6
32,1,M,12.5,13.5,13.6,13.8,13.9,14.1,14.2,14.4,14.5,15.6,15.7,17.0,17.1,18.2,18.3,20.2,20.3
32,2,F,12.1,13.2,13.3,13.4,13.5,13.8,13.9,14.1,14.2,15.4,15.5,16.8,16.9,18.2,18.3,20.4,20.5
33,1,M,12.4,13.5,13.6,13.7,13.8,14.1,14.2,14.4,14.5,15.6,15.7,16.9,17.0,18.2,18.3,20.1,20.2
33,2,F,12.1,13.2,13.3,13.4,13.5,13.8,13.9,14.1,14.2,15.4,15.5,16.8,16.9,18.2,18.3,20.4,20.5
34,1,M,12.4,13.4,13.5,13.7,13.8,14.1,14.2,14.3,14.4,15.6,15.7,16.9,17.0,18.1,18.2,20.1,20.2
34,2,F,12.1,13.1,13.2,13.4,13.5,13.8,13.9,14.1,14.2,15.3,15.4,16.8,16.9,18.1,18.2,20.4,20.5
35,1,M,12.4,13.4,13.5,13.7,13.8,14.0,14.1,14.3,14.4,15.5,15.6,16.9,17.0,18.1,18.2,20.1,20.2
35,2,F,12.1,13.1,13.2,13.4,13.5,13.8,13.9,14.0,14.1,15.3,15.4,16.8,16.9,18.1,18.2,20.4,20.5
36,1,M,12.3,13.4,13.5,13.6,13.7,14.0,14.1,14.3,14.4,15.5,15.6,16.9,17.0,18.1,18.2,20.0,20.1
36,2,F,12.0,13.1,13.2,13.4,13.5,13.7,13.8,14.0,14.1,15.3,15.4,16.8,16.9,18.1,18.2,20.4,20.5
37,1,M,12.3,13.4,13.5,13.6,13.7,14.0,14.1,14.3,14.4,15.5,15.6,16.8,16.9,18.0,18.1,20.0,20.1
37,2,F,12.0,13.1,13.2,13.3,13.4,13.7,13.8,14.0,14.1,15.3,15.4,16.7,16.8,18.1,18.2,20.4,20.5
38,1,M,12.3,13.3,13.4,13.6,13.7,14.0,14.1,14.2,14.3,15.4,15.5,16.8,16.9,18.0,18.1,20.0,20.1
38,2,F,12.0,13.1,13.2,13.3,13.4,13.7,13.8,14.0,14.1,15.3,15.4,16.7,16.8,18.1,18.2,20.4,20.5
39,1,M,12.2,13.3,13.4,13.5,13.6,13.9,14.0,14.2,14.3,15.4,15.5,16.8,16.9,18.0,18.1,19.9,20.0
39,2,F,12.0,13.0,13.1,13.3,13.4,13.7,13.8,14.0,14.1,15.2,15.3,16.7,16.8,18.1,18.2,20.4,20.5
40,1,M,12.2,13.3,13.4,13.5,13.6,13.9,14.0,14.2,14.3,15.4,15.5,16.7,16.8,18.0,18.1,19.9,20.0
40,2,F,11.9,13.0,13.1,13.3,13.4,13.7,13.8,13.9,14.0,15.2,15.3,16.7,16.8,18.1,18.2,20.4,20.5
41,1,M,12.2,13.2,13.3,13.5,13.6,13.9,14.0,14.1,14.2,15.4,15.5,16.7,16.8,17.9,18.0,19.9,20.0
41,2,F,11.9,13.0,13.1,13.2,13.3,13.6,13.7,13.9,14.0,15.2,15.3,16.7,16.8,18.1,18.2,20.5,20.6
42,1,M,12.1,13.2,13.3,13.5,13.6,13.8,13.9,14.1,14.2,15.3,15.4,16.7,16.8,17.9,18.0,19.9,20.0
42,2,F,11.9,13.0,13.1,13.2,13.3,13.6,13.7,13.9,14.0,15.2,15.3,16.7,16.8,18.1,18.2,20.5,20.6
43,1,M,12.1,13.2,13.3,13.4,13.5,13.8,13.9,14.1,14.2,15.3,15.4,16.7,16.8,17.9,18.0,19.9,20.0
43,2,F,11.9,12.9,13.0,13.2,13.3,13.6,13.7,13.9,14.0,15.2,15.3,16.7,16.8,18.1,18.2,20.5,20.6
44,1,M,12.1,13.2,13.3,13.4,13.5,13.8,13.9,14.1,14.2,15.3,15.4,16.7,16.8,17.9,18.0,19.9,20.0
44,2,F,11.8,12.9,13.0,13.2,13.3,13.6,13.7,13.9,14.0,15.2,15.3,16.7,16.8,18.1,18.2,20.5,20.6
45,1,M,12.1,13.1,13.2,13.4,13.5,13.8,13.9,14.1,14.2,15.3,15.4,16.7,16.8,17.9,18.0,19.9,20.0
45,2,F,11.8,12.9,13.0,13.2,13.3,13.6,13.7,13.9,14.0,15.2,15.3,16.7,16.8,18.2,18.3,20.6,20.7
46,1,M,12.1,13.1,13.2,13.4,13.5,13.8,13.9,14.0,14.1,15.3,15.4,16.6,16.7,17.9,18.0,19.9,20.0
46,2,F,11.8,12.9,13.0,13.1,13.2,13.6,13.7,13.8,13.9,15.2,15.3,16.7,16.8,18.2,18.3,20.6,20.7
47,1,M,12.0,13.1,13.2,13.4,13.5,13.7,13.8,14.0,14.1,15.2,15.3,16.6,16.7,17.9,18.0,19.9,20.0
47,2,F,11.8,12.9,13.0,13.1,13.2,13.5,13.6,13.8,13.9,15.2,15.3,16.7,16.8,18.2,18.3,20.6,20.7
48,1,M,12.0,13.1,13.2,13.3,13.4,13.7,13.8,14.0,14.1,15.2,15.3,16.6,16.7,17.9,18.0,19.9,20.0
48,2,F,11.7,12.8,12.9,13.1,13.2,13.5,13.6,13.8,13.9,15.2,15.3,16.7,16.8,18.2,18.3,20.7,20.8
49,1,M,12.0,13.1,13.2,13.3,13.4,13.7,13.8,14.0,14.1,15.2,15.3,16.6,16.7,17.9,18.0,19.9,20.0
49,2,F,11.7,12.8,12.9,13.1,13.2,13.5,13.6,13.8,13.9,15.2,15.3,16.7,16.8,18.2,18.3,20.7,20.8
50,1,M,12.0,13.1,13.2,13.3,13.4,13.7,13.8,14.0,14.1,15.2,15.3,16.6,16.7,17.9,18.0,20.0,20.1
50,2,F,11.7,12.8,12.9,13.1,13.2,13.5,13.6,13.8,13.9,15.2,15.3,16.7,16.8,18.2,18.3,20.8,20.9
51,1,M,12.0,13.0,13.1,13.3,13.4,13.7,13.8,13.9,14.0,15.2,15.3,16.6,16.7,17.9,18.0,20.0,20.1
51,2,F,11.7,12.8,12.9,13.1,13.2,13.5,13.6,13.8,13.9,15.2,15.3,16.7,16.8,18.3,18.4,20.8,20.9
52,1,M,12.0,13.0,13.1,13.3,13.4,13.7,13.8,13.9,14.0,15.2,15.3,16.6,16.7,17.9,18.0,20.0,20.1
52,2,F,11.7,12.8,12.9,13.0,13.1,13.5,13.6,13.8,13.9,15.1,15.2,16.8,16.9,18.3,18.4,20.9,21.0
53,1,M,11.9,13.0,13.1,13.2,13.3,13.6,13.7,13.9,14.0,15.2,15.3,16.6,16.7,17.9,18.0,20.0,20.1
53,2,F,11.6,12.8,12.9,13.0,13.1,13.5,13.6,13.8,13.9,15.2,15.3,16.8,16.9,18.3,18.4,20.9,21.0
54,1,M,11.9,13.0,13.1,13.2,13.3,13.6,13.7,13.9,14.0,15.2,15.3,16.6,16.7,17.9,18.0,20.1,20.2
54,2,F,11.6,12.8,12.9,13.0,13.1,13.5,13.6,13.8,13.9,15.2,15.3,16.8,16.9,18.3,18.4,20.9,21.0
55,1,M,11.9,13.0,13.1,13.2,13.3,13.6,13.7,13.9,14.0,15.1,15.2,16.6,16.7,17.9,18.0,20.1,20.2
55,2,F,11.6,12.8,12.9,13.0,13.1,13.4,13.5,13.8,13.9,15.2,15.3,16.8,16.9,18.3,18.4,21.0,21.1
56,1,M,11.9,13.0,13.1,13.2,13.3,13.6,13.7,13.9,14.0,15.1,15.2,16.6,16.7,17.9,18.0,20.2,20.3
56,2,F,11.6,12.7,12.8,13.0,13.1,13.4,13.5,13.7,13.8,15.2,15.3,16.8,16.9,18.4,18.5,21.0,21.1
57,1,M,11.9,12.9,13.0,13.2,13.3,13.6,13.7,13.9,14.0,15.1,15.2,16.6,16.7,17.9,18.0,20.2,20.3
57,2,F,11.6,12.7,12.8,13.0,13.1,13.4,13.5,13.7,13.8,15.2,15.3,16.8,16.9,18.4,18.5,21.1,21.2
58,1,M,11.9,12.9,13.0,13.2,13.3,13.6,13.7,13.8,13.9,15.1,15.2,16.6,16.7,17.9,18.0,20.2,20.3
58,2,F,11.6,12.7,12.8,13.0,13.1,13.4,13.5,13.7,13.8,15.2,15.3,16.8,16.9,18.4,18.5,21.1,21.2
59,1,M,11.9,12.9,13.0,13.2,13.3,13.6,13.7,13.8,13.9,15.1,15.2,16.6,16.7,18.0,18.1,20.3,20.4
59,2,F,11.6,12.7,12.8,13.0,13.1,13.4,13.5,13.7,13.8,15.2,15.3,16.8,16.9,18.4,18.5,21.2,21.3
60,1,M,11.9,12.9,13.0,13.2,13.3,13.5,13.6,13.8,13.9,15.1,15.2,16.6,16.7,18.0,18.1,20.4,20.5
60,2,F,11.6,12.7,12.8,13.0,13.1,13.4,13.5,13.7,13.8,15.2,15.3,16.9,17.0,18.5,18.6,21.2,21.3
61,1,M,12.0,13.0,13.1,13.3,13.4,13.7,13.8,13.9,14.0,15.2,15.3,16.6,16.7,18.0,18.1,20.3,20.4
61,2,F,11.7,12.8,12.9,13.0,13.1,13.4,13.5,13.7,13.8,15.1,15.2,16.8,16.9,18.5,18.6,21.5,21.6
62,1,M,12.0,13.0,13.1,13.3,13.4,13.7,13.8,13.9,14.0,15.2,15.3,16.6,16.7,18.0,18.1,20.3,20.4
62,2,F,11.7,12.8,12.9,13.0,13.1,13.4,13.5,13.7,13.8,15.1,15.2,16.8,16.9,18.5,18.6,21.6,21.7
63,1,M,12.0,13.0,13.1,13.3,13.4,13.7,13.8,13.9,14.0,15.2,15.3,16.6,16.7,18.0,18.1,20.3,20.4
63,2,F,11.7,12.8,12.9,13.0,13.1,13.4,13.5,13.7,13.8,15.1,15.2,16.9,17.0,18.5,18.6,21.6,21.7
64,1,M,12.0,13.0,13.1,13.3,13.4,13.7,13.8,13.9,14.0,15.2,15.3,16.6,16.7,18.0,18.1,20.4,20.5
64,2,F,11.7,12.8,12.9,13.0,13.1,13.4,13.5,13.7,13.8,15.1,15.2,16.9,17.0,18.6,18.7,21.7,21.8
65,1,M,12.0,13.0,13.1,13.3,13.4,13.7,13.8,13.9,14.0,15.2,15.3,16.6,16.7,18.0,18.1,20.4,20.5
65,2,F,11.7,12.7,12.8,13.0,13.1,13.4,13.5,13.7,13.8,15.1,15.2,16.9,17.0,18.6,18.7,21.8,21.9
66,1,M,12.0,13.0,13.1,13.3,13.4,13.7,13.8,13.9,14.0,15.2,15.3,16.6,16.7,18.0,18.1,20.5,20.6
66,2,F,11.7,12.7,12.8,13.0,13.1,13.4,13.5,13.7,13.8,15.1,15.2,16.9,17.0,18.6,18.7,21.8,21.9
67,1,M,12.0,13.0,13.1,13.3,13.4,13.7,13.8,13.9,14.0,15.2,15.3,16.6,16.7,18.1,18.2,20.5,20.6
67,2,F,11.7,12.7,12.8,13.0,13.1,13.4,13.5,13.7,13.8,15.1,15.2,16.9,17.0,18.7,18.8,21.9,22.0
68,1,M,12.0,13.0,13.1,13.3,13.4,13.7,13.8,13.9,14.0,15.2,15.3,16.7,16.8,18.1,18.2,20.6,20.7
68,2,F,11.7,12.7,12.8,13.0,13.1,13.4,13.5,13.7,13.8,15.2,15.3,16.9,17.0,18.7,18.8,22.0,22.1
69,1,M,12.0,13.0,13.1,13.3,13.4,13.7,13.8,13.9,14.0,15.2,15.3,16.7,16.8,18.1,18.2,20.6,20.7
69,2,F,11.6,12.7,12.8,13.0,13.1,13.4,13.5,13.7,13.8,15.2,15.3,16.9,17.0,18.7,18.8,22.1,22.2
70,1,M,12.1,13.0,13.1,13.3,13.4,13.7,13.8,13.9,14.0,15.2,15.3,16.7,16.8,18.1,18.2,20.7,20.8
70,2,F,11.6,12.7,12.8,13.0,13.1,13.4,13.5,13.7,13.8,15.2,15.3,16.9,17.0,18.8,18.9,22.2,22.3
71,1,M,12.1,13.1,13.2,13.3,13.4,13.7,13.8,13.9,14.0,15.2,15.3,16.7,16.8,18.2,18.3,20.7,20.8
71,2,F,11.6,12.7,12.8,13.0,13.1,13.4,13.5,13.7,13.8,15.2,15.3,17.0,17.1,18.8,18.9,22.3,22.4
72,1,M,12.1,13.1,13.2,13.3,13.4,13.7,13.8,13.9,14.0,15.2,15.3,16.7,16.8,18.2,18.3,20.8,20.9
72,2,F,11.6,12.7,12.8,13.0,13.1,13.4,13.5,13.7,13.8,15.2,15.3,17.0,17.1,18.8,18.9,22.3,22.4
73,1,M,12.1,13.1,13.2,13.3,13.4,13.7,13.8,13.9,14.0,15.2,15.3,16.7,16.8,18.2,18.3,20.9,21.0
73,2,F,11.6,12.7,12.8,13.0,13.1,13.4,13.5,13.7,13.8,15.2,15.3,17.0,17.1,18.9,19.0,22.4,22.5
74,1,M,12.1,13.1,13.2,13.3,13.4,13.7,13.8,14.0,14.1,15.2,15.3,16.8,16.9,18.3,18.4,20.9,21.0
74,2,F,11.6,12.7,12.8,13.0,13.1,13.4,13.5,13.7,13.8,15.2,15.3,17.0,17.1,18.9,19.0,22.5,22.6
75,1,M,12.1,13.1,13.2,13.3,13.4,13.7,13.8,14.0,14.1,15.2,15.3,16.8,16.9,18.3,18.4,21.0,21.1
75,2,F,11.6,12.7,12.8,13.0,13.1,13.4,13.5,13.7,13.8,15.2,15.3,17.0,17.1,18.9,19.0,22.6,22.7
76,1,M,12.1,13.1,13.2,13.3,13.4,13.7,13.8,14.0,14.1,15.3,15.4,16.8,16.9,18.3,18.4,21.1,21.2
76,2,F,11.6,12.7,12.8,13.0,13.1,13.4,13.5,13.7,13.8,15.2,15.3,17.1,17.2,19.0,19.1,22.7,22.8
77,1,M,12.1,13.1,13.2,13.3,13.4,13.7,13.8,14.0,14.1,15.3,15.4,16.8,16.9,18.4,18.5,21.2,21.3
77,2,F,11.6,12.7,12.8,13.0,13.1,13.4,13.5,13.7,13.8,15.2,15.3,17.1,17.2,19.0,19.1,22.8,22.9
78,1,M,12.1,13.1,13.2,13.3,13.4,13.7,13.8,14.0,14.1,15.3,15.4,16.8,16.9,18.4,18.5,21.2,21.3
78,2,F,11.6,12.7,12.8,13.0,13.1,13.4,13.5,13.7,13.8,15.2,15.3,17.1,17.2,19.1,19.2,22.9,23.0
79,1,M,12.1,13.1,13.2,13.3,13.4,13.7,13.8,14.0,14.1,15.3,15.4,16.9,17.0,18.4,18.5,21.3,21.4
79,2,F,11.6,12.7,12.8,13.0,13.1,13.4,13.5,13.7,13.8,15.2,15.3,17.1,17.2,19.1,19.2,23.0,23.1
80,1,M,12.1,13.1,13.2,13.4,13.5,13.7,13.8,14.0,14.1,15.3,15.4,16.9,17.0,18.5,18.6,21.4,21.5
80,2,F,11.7,12.7,12.8,13.0,13.1,13.4,13.5,13.7,13.8,15.2,15.3,17.2,17.3,19.2,19.3,23.1,23.2
81,1,M,12.1,13.1,13.2,13.4,13.5,13.8,13.9,14.0,14.1,15.3,15.4,16.9,17.0,18.5,18.6,21.5,21.6
81,2,F,11.7,12.7,12.8,13.0,13.1,13.4,13.5,13.8,13.9,15.3,15.4,17.2,17.3,19.2,19.3,23.2,23.3
82,1,M,12.2,13.1,13.2,13.4,13.5,13.8,13.9,14.0,14.1,15.3,15.4,17.0,17.1,18.6,18.7,21.6,21.7
82,2,F,11.7,12.8,12.9,13.0,13.1,13.4,13.5,13.8,13.9,15.3,15.4,17.2,17.3,19.2,19.3,23.3,23.4
83,1,M,12.2,13.2,13.3,13.4,13.5,13.8,13.9,14.1,14.2,15.4,15.5,17.0,17.1,18.6,18.7,21.7,21.8
83,2,F,11.7,12.8,12.9,13.0,13.1,13.5,13.6,13.8,13.9,15.3,15.4,17.2,17.3,19.3,19.4,23.5,23.6
84,1,M,12.2,13.2,13.3,13.4,13.5,13.8,13.9,14.1,14.2,15.4,15.5,17.0,17.1,18.7,18.8,21.8,21.9
84,2,F,11.7,12.8,12.9,13.0,13.1,13.5,13.6,13.8,13.9,15.3,15.4,17.3,17.4,19.3,19.4,23.6,23.7
85,1,M,12.2,13.2,13.3,13.4,13.5,13.8,13.9,14.1,14.2,15.4,15.5,17.0,17.1,18.7,18.8,21.8,21.9
85,2,F,11.7,12.8,12.9,13.0,13.1,13.5,13.6,13.8,13.9,15.3,15.4,17.3,17.4,19.4,19.5,23.7,23.8
86,1,M,12.2,13.2,13.3,13.4,13.5,13.8,13.9,14.1,14.2,15.4,15.5,17.1,17.2,18.7,18.8,21.9,22.0
86,2,F,11.7,12.8,12.9,13.0,13.1,13.5,13.6,13.8,13.9,15.3,15.4,17.3,17.4,19.5,19.6,23.8,23.9
87,1,M,12.2,13.2,13.3,13.4,13.5,13.8,13.9,14.1,14.2,15.4,15.5,17.1,17.2,18.8,18.9,22.0,22.1
87,2,F,11.7,12.8,12.9,13.1,13.2,13.5,13.6,13.8,13.9,15.4,15.5,17.4,17.5,19.5,19.6,23.9,24.0
88,1,M,12.2,13.2,13.3,13.5,13.6,13.8,13.9,14.1,14.2,15.5,15.6,17.1,17.2,18.8,18.9,22.1,22.2
88,2,F,11.7,12.8,12.9,13.1,13.2,13.5,13.6,13.8,13.9,15.4,15.5,17.4,17.5,19.6,19.7,24.1,24.2
89,1,M,12.2,13.2,13.3,13.5,13.6,13.9,14.0,14.1,14.2,15.5,15.6,17.2,17.3,18.9,19.0,22.2,22.3
89,2,F,11.7,12.8,12.9,13.1,13.2,13.5,13.6,13.8,13.9,15.4,15.5,17.4,17.5,19.6,19.7,24.2,24.3
90,1,M,12.2,13.2,13.3,13.5,13.6,13.9,14.0,14.2,14.3,15.5,15.6,17.2,17.3,18.9,19.0,22.4,22.5
90,2,F,11.7,12.8,12.9,13.1,13.2,13.5,13.6,13.9,14.0,15.4,15.5,17.5,17.6,19.7,19.8,24.3,24.4
91,1,M,12.3,13.3,13.4,13.5,13.6,13.9,14.0,14.2,14.3,15.5,15.6,17.2,17.3,19.0,19.1,22.5,22.6
91,2,F,11.7,12.8,12.9,13.1,13.2,13.6,13.7,13.9,14.0,15.4,15.5,17.5,17.6,19.7,19.8,24.5,24.6
92,1,M,12.3,13.3,13.4,13.5,13.6,13.9,14.0,14.2,14.3,15.5,15.6,17.3,17.4,19.1,19.2,22.6,22.7
92,2,F,11.7,12.9,13.0,13.1,13.2,13.6,13.7,13.9,14.0,15.5,15.6,17.5,17.6,19.8,19.9,24.6,24.7
93,1,M,12.3,13.3,13.4,13.5,13.6,13.9,14.0,14.2,14.3,15.6,15.7,17.3,17.4,19.1,19.2,22.7,22.8
93,2,F,11.8,12.9,13.0,13.1,13.2,13.6,13.7,13.9,14.0,15.5,15.6,17.6,17.7,19.9,20.0,24.7,24.8
94,1,M,12.3,13.3,13.4,13.5,13.6,13.9,14.0,14.2,14.3,15.6,15.7,17.3,17.4,19.2,19.3,22.8,22.9
94,2,F,11.8,12.9,13.0,13.2,13.3,13.6,13.7,13.9,14.0,15.5,15.6,17.6,17.7,19.9,20.0,24.9,25.0
95,1,M,12.3,13.3,13.4,13.6,13.7,13.9,14.0,14.2,14.3,15.6,15.7,17.4,17.5,19.2,19.3,22.9,23.0
95,2,F,11.8,12.9,13.0,13.2,13.3,13.6,13.7,13.9,14.0,15.6,15.7,17.7,17.8,20.0,20.1,25.0,25.1
96,1,M,12.3,13.3,13.4,13.6,13.7,14.0,14.1,14.3,14.4,15.6,15.7,17.4,17.5,19.3,19.4,23.0,23.1
96,2,F,11.8,12.9,13.0,13.2,13.3,13.6,13.7,14.0,14.1,15.6,15.7,17.7,17.8,20.1,20.2,25.2,25.3
97,1,M,12.3,13.3,13.4,13.6,13.7,14.0,14.1,14.3,14.4,15.7,15.8,17.4,17.5,19.3,19.4,23.1,23.2
97,2,F,11.8,12.9,13.0,13.2,13.3,13.7,13.8,14.0,14.1,15.6,15.7,17.8,17.9,20.1,20.2,25.3,25.4
98,1,M,12.3,13.4,13.5,13.6,13.7,14.0,14.1,14.3,14.4,15.7,15.8,17.5,17.6,19.4,19.5,23.3,23.4
98,2,F,11.8,13.0,13.1,13.2,13.3,13.7,13.8,14.0,14.1,15.6,15.7,17.8,17.9,20.2,20.3,25.5,25.6
99,1,M,12.4,13.4,13.5,13.6,13.7,14.0,14.1,14.3,14.4,15.7,15.8,17.5,17.6,19.4,19.5,23.4,23.5
99,2,F,11.8,13.0,13.1,13.3,13.4,13.7,13.8,14.0,14.1,15.7,15.8,17.9,18.0,20.3,20.4,25.6,25.7
100,1,M,12.4,13.4,13.5,13.6,13.7,14.0,14.1,14.3,14.4,15.7,15.8,17.6,17.7,19.5,19.6,23.5,23.6
100,2,F,11.9,13.0,13.1,13.3,13.4,13.7,13.8,14.1,14.2,15.7,15.8,17.9,18.0,20.3,20.4,25.8,25.9
101,1,M,12.4,13.4,13.5,13.6,13.7,14.0,14.1,14.3,14.4,15.8,15.9,17.6,17.7,19.6,19.7,23.7,23.8
101,2,F,11.9,13.0,13.1,13.3,13.4,13.8,13.9,14.1,14.2,15.7,15.8,18.0,18.1,20.4,20.5,25.9,26.0
102,1,M,12.4,13.4,13.5,13.7,13.8,14.1,14.2,14.4,14.5,15.8,15.9,17.6,17.7,19.6,19.7,23.8,23.9
102,2,F,11.9,13.0,13.1,13.3,13.4,13.8,13.9,14.1,14.2,15.8,15.9,18.0,18.1,20.5,20.6,26.1,26.2
103,1,M,12.4,13.4,13.5,13.7,13.8,14.1,14.2,14.4,14.5,15.8,15.9,17.7,17.8,19.7,19.8,23.9,24.0
103,2,F,11.9,13.1,13.2,13.3,13.4,13.8,13.9,14.1,14.2,15.8,15.9,18.1,18.2,20.6,20.7,26.2,26.3
104,1,M,12.4,13.4,13.5,13.7,13.8,14.1,14.2,14.4,14.5,15.8,15.9,17.7,17.8,19.8,19.9,24.1,24.2
104,2,F,11.9,13.1,13.2,13.4,13.5,13.8,13.9,14.2,14.3,15.8,15.9,18.1,18.2,20.6,20.7,26.4,26.5
105,1,M,12.4,13.5,13.6,13.7,13.8,14.1,14.2,14.4,14.5,15.9,16.0,17.8,17.9,19.8,19.9,24.2,24.3
105,2,F,12.0,13.1,13.2,13.4,13.5,13.9,14.0,14.2,14.3,15.9,16.0,18.2,18.3,20.7,20.8,26.6,26.7
106,1,M,12.5,13.5,13.6,13.7,13.8,14.1,14.2,14.4,14.5,15.9,16.0,17.8,17.9,19.9,20.0,24.3,24.4
106,2,F,12.0,13.1,13.2,13.4,13.5,13.9,14.0,14.2,14.3,15.9,16.0,18.2,18.3,20.8,20.9,26.7,26.8
107,1,M,12.5,13.5,13.6,13.7,13.8,14.2,14.3,14.5,14.6,15.9,16.0,17.8,17.9,19.9,20.0,24.5,24.6
107,2,F,12.0,13.2,13.3,13.4,13.5,13.9,14.0,14.3,14.4,16.0,16.1,18.3,18.4,20.9,21.0,26.9,27.0
108,1,M,12.5,13.5,13.6,13.8,13.9,14.2,14.3,14.5,14.6,15.9,16.0,17.9,18.0,20.0,20.1,24.6,24.7
108,2,F,12.0,13.2,13.3,13.5,13.6,13.9,14.0,14.3,14.4,16.0,16.1,18.3,18.4,21.0,21.1,27.0,27.1
109,1,M,12.5,13.5,13.6,13.8,13.9,14.2,14.3,14.5,14.6,16.0,16.1,17.9,18.0,20.1,20.2,24.8,24.9
109,2,F,12.0,13.2,13.3,13.5,13.6,14.0,14.1,14.3,14.4,16.0,16.1,18.4,18.5,21.0,21.1,27.2,27.3
110,1,M,12.5,13.6,13.7,13.8,13.9,14.2,14.3,14.5,14.6,16.0,16.1,18.0,18.1,20.1,20.2,24.9,25.0
110,2,F,12.1,13.2,13.3,13.5,13.6,14.0,14.1,14.3,14.4,16.1,16.2,18.4,18.5,21.1,21.2,27.4,27.5
111,1,M,12.5,13.6,13.7,13.8,13.9,14.2,14.3,14.5,14.6,16.0,16.1,18.0,18.1,20.2,20.3,25.1,25.2
111,2,F,12.1,13.3,13.4,13.5,13.6,14.0,14.1,14.4,14.5,16.1,16.2,18.5,18.6,21.2,21.3,27.5,27.6
112,1,M,12.6,13.6,13.7,13.8,13.9,14.3,14.4,14.6,14.7,16.1,16.2,18.1,18.2,20.3,20.4,25.2,25.3
112,2,F,12.1,13.3,13.4,13.6,13.7,14.1,14.2,14.4,14.5,16.2,16.3,18.5,18.6,21.3,21.4,27.7,27.8
113,1,M,12.6,13.6,13.7,13.9,14.0,14.3,14.4,14.6,14.7,16.1,16.2,18.1,18.2,20.4,20.5,25.4,25.5
113,2,F,12.1,13.3,13.4,13.6,13.7,14.1,14.2,14.4,14.5,16.2,16.3,18.6,18.7,21.4,21.5,27.9,28.0
114,1,M,12.6,13.6,13.7,13.9,14.0,14.3,14.4,14.6,14.7,16.1,16.2,18.2,18.3,20.4,20.5,25.6,25.7
114,2,F,12.1,13.3,13.4,13.6,13.7,14.1,14.2,14.5,14.6,16.2,16.3,18.7,18.8,21.5,21.6,28.0,28.1
115,1,M,12.6,13.6,13.7,13.9,14.0,14.3,14.4,14.6,14.7,16.2,16.3,18.2,18.3,20.5,20.6,25.7,25.8
115,2,F,12.2,13.4,13.5,13.7,13.8,14.2,14.3,14.5,14.6,16.3,16.4,18.7,18.8,21.5,21.6,28.2,28.3
116,1,M,12.6,13.7,13.8,13.9,14.0,14.4,14.5,14.7,14.8,16.2,16.3,18.3,18.4,20.6,20.7,25.9,26.0
116,2,F,12.2,13.4,13.5,13.7,13.8,14.2,14.3,14.5,14.6,16.3,16.4,18.8,18.9,21.6,21.7,28.3,28.4
117,1,M,12.6,13.7,13.8,14.0,14.1,14.4,14.5,14.7,14.8,16.2,16.3,18.3,18.4,20.7,20.8,26.0,26.1
117,2,F,12.2,13.4,13.5,13.7,13.8,14.2,14.3,14.6,14.7,16.4,16.5,18.8,18.9,21.7,21.8,28.5,28.6
118,1,M,12.7,13.7,13.8,14.0,14.1,14.4,14.5,14.7,14.8,16.3,16.4,18.4,18.5,20.7,20.8,26.2,26.3
118,2,F,12.2,13.5,13.6,13.8,13.9,14.2,14.3,14.6,14.7,16.4,16.5,18.9,19.0,21.8,21.9,28.7,28.8
119,1,M,12.7,13.7,13.8,14.0,14.1,14.4,14.5,14.7,14.8,16.3,16.4,18.4,18.5,20.8,20.9,26.4,26.5
119,2,F,12.3,13.5,13.6,13.8,13.9,14.3,14.4,14.6,14.7,16.5,16.6,19.0,19.1,21.9,22.0,28.8,28.9
120,1,M,12.7,13.8,13.9,14.0,14.1,14.5,14.6,14.8,14.9,16.3,16.4,18.5,18.6,20.9,21.0,26.5,26.6
120,2,F,12.3,13.5,13.6,13.8,13.9,14.3,14.4,14.7,14.8,16.5,16.6,19.0,19.1,22.0,22.1,29.0,29.1
121,1,M,12.7,13.8,13.9,14.1,14.2,14.5,14.6,14.8,14.9,16.4,16.5,18.5,18.6,21.0,21.1,26.7,26.8
121,2,F,12.3,13.5,13.6,13.9,14.0,14.4,14.5,14.7,14.8,16.6,16.7,19.1,19.2,22.1,22.2,29.2,29.3
122,1,M,12.7,13.8,13.9,14.1,14.2,14.5,14.6,14.8,14.9,16.4,16.5,18.6,18.7,21.0,21.1,26.9,27.0
122,2,F,12.3,13.6,13.7,13.9,14.0,14.4,14.5,14.8,14.9,16.6,16.7,19.2,19.3,22.1,22.2,29.3,29.4
123,1,M,12.8,13.8,13.9,14.1,14.2,14.5,14.6,14.9,15.0,16.5,16.6,18.6,18.7,21.1,21.2,27.1,27.2
123,2,F,12.4,13.6,13.7,13.9,14.0,14.4,14.5,14.8,14.9,16.7,16.8,19.2,19.3,22.2,22.3,29.5,29.6
124,1,M,12.8,13.9,14.0,14.1,14.2,14.6,14.7,14.9,15.0,16.5,16.6,18.7,18.8,21.2,21.3,27.2,27.3
124,2,F,12.4,13.6,13.7,14.0,14.1,14.5,14.6,14.8,14.9,16.7,16.8,19.3,19.4,22.3,22.4,29.6,29.7
125,1,M,12.8,13.9,14.0,14.2,14.3,14.6,14.7,14.9,15.0,16.5,16.6,18.7,18.8,21.3,21.4,27.4,27.5
125,2,F,12.4,13.7,13.8,14.0,14.1,14.5,14.6,14.9,15.0,16.8,16.9,19.4,19.5,22.4,22.5,29.8,29.9
126,1,M,12.8,13.9,14.0,14.2,14.3,14.6,14.7,15.0,15.1,16.6,16.7,18.8,18.9,21.4,21.5,27.6,27.7
126,2,F,12.5,13.7,13.8,14.0,14.1,14.5,14.6,14.9,15.0,16.8,16.9,19.4,19.5,22.5,22.6,30.0,30.1
127,1,M,12.8,13.9,14.0,14.2,14.3,14.7,14.8,15.0,15.1,16.6,16.7,18.9,19.0,21.5,21.6,27.8,27.9
127,2,F,12.5,13.8,13.9,14.1,14.2,14.6,14.7,15.0,15.1,16.9,17.0,19.5,19.6,22.6,22.7,30.1,30.2
128,1,M,12.9,14.0,14.1,14.2,14.3,14.7,14.8,15.0,15.1,16.7,16.8,18.9,19.0,21.5,21.6,27.9,28.0
128,2,F,12.5,13.8,13.9,14.1,14.2,14.6,14.7,15.0,15.1,16.9,17.0,19.6,19.7,22.7,22.8,30.3,30.4
129,1,M,12.9,14.0,14.1,14.3,14.4,14.7,14.8,15.1,15.2,16.7,16.8,19.0,19.1,21.6,21.7,28.1,28.2
129,2,F,12.5,13.8,13.9,14.1,14.2,14.7,14.8,15.0,15.1,17.0,17.1,19.7,19.8,22.8,22.9,30.4,30.5
130,1,M,12.9,14.0,14.1,14.3,14.4,14.8,14.9,15.1,15.2,16.7,16.8,19.0,19.1,21.7,21.8,28.3,28.4
130,2,F,12.6,13.9,14.0,14.2,14.3,14.7,14.8,15.1,15.2,17.0,17.1,19.7,19.8,22.9,23.0,30.6,30.7
131,1,M,12.9,14.1,14.2,14.3,14.4,14.8,14.9,15.1,15.2,16.8,16.9,19.1,19.2,21.8,21.9,28.5,28.6
131,2,F,12.6,13.9,14.0,14.2,14.3,14.8,14.9,15.1,15.2,17.1,17.2,19.8,19.9,23.0,23.1,30.7,30.8
132,1,M,13.0,14.1,14.2,14.4,14.5,14.8,14.9,15.2,15.3,16.8,16.9,19.2,19.3,21.9,22.0,28.6,28.7
132,2,F,12.6,13.9,14.0,14.3,14.4,14.8,14.9,15.2,15.3,17.1,17.2,19.9,20.0,23.1,23.2,30.9,31.0
133,1,M,13.0,14.1,14.2,14.4,14.5,14.9,15.0,15.2,15.3,16.9,17.0,19.2,19.3,22.0,22.1,28.8,28.9
133,2,F,12.7,14.0,14.1,14.3,14.4,14.8,14.9,15.2,15.3,17.2,17.3,19.9,20.0,23.2,23.3,31.1,31.2
134,1,M,13.0,14.2,14.3,14.4,14.5,14.9,15.0,15.2,15.3,16.9,17.0,19.3,19.4,22.1,22.2,29.0,29.1
134,2,F,12.7,14.0,14.1,14.3,14.4,14.9,15.0,15.3,15.4,17.3,17.4,20.0,20.1,23.3,23.4,31.2,31.3
135,1,M,13.0,14.2,14.3,14.5,14.6,14.9,15.0,15.3,15.4,17.0,17.1,19.3,19.4,22.1,22.2,29.2,29.3
135,2,F,12.7,14.1,14.2,14.4,14.5,14.9,15.0,15.3,15.4,17.3,17.4,20.1,20.2,23.4,23.5,31.4,31.5
136,1,M,13.1,14.2,14.3,14.5,14.6,15.0,15.1,15.3,15.4,17.0,17.1,19.4,19.5,22.2,22.3,29.3,29.4
136,2,F,12.8,14.1,14.2,14.4,14.5,15.0,15.1,15.4,15.5,17.4,17.5,20.2,20.3,23.5,23.6,31.5,31.6
137,1,M,13.1,14.3,14.4,14.5,14.6,15.0,15.1,15.3,15.4,17.1,17.2,19.5,19.6,22.3,22.4,29.5,29.6
137,2,F,12.8,14.1,14.2,14.5,14.6,15.0,15.1,15.4,15.5,17.4,17.5,20.3,20.4,23.6,23.7,31.7,31.8
138,1,M,13.1,14.3,14.4,14.6,14.7,15.0,15.1,15.4,15.5,17.1,17.2,19.5,19.6,22.4,22.5,29.7,29.8
138,2,F,12.8,14.2,14.3,14.5,14.6,15.1,15.2,15.5,15.6,17.5,17.6,20.3,20.4,23.7,23.8,31.8,31.9
139,1,M,13.2,14.3,14.4,14.6,14.7,15.1,15.2,15.4,15.5,17.2,17.3,19.6,19.7,22.5,22.6,29.9,30.0
139,2,F,12.9,14.2,14.3,14.6,14.7,15.1,15.2,15.5,15.6,17.6,17.7,20.4,20.5,23.8,23.9,32.0,32.1
140,1,M,13.2,14.4,14.5,14.6,14.7,15.1,15.2,15.5,15.6,17.2,17.3,19.7,19.8,22.6,22.7,30.0,30.1
140,2,F,12.9,14.3,14.4,14.6,14.7,15.2,15.3,15.6,15.7,17.6,17.7,20.5,20.6,23.9,24.0,32.1,32.2
141,1,M,13.2,14.4,14.5,14.7,14.8,15.2,15.3,15.5,15.6,17.3,17.4,19.7,19.8,22.7,22.8,30.2,30.3
141,2,F,12.9,14.3,14.4,14.7,14.8,15.2,15.3,15.6,15.7,17.7,17.8,20.6,20.7,24.0,24.1,32.3,32.4
142,1,M,13.2,14.4,14.5,14.7,14.8,15.2,15.3,15.5,15.6,17.3,17.4,19.8,19.9,22.8,22.9,30.4,30.5
142,2,F,13.0,14.4,14.5,14.7,14.8,15.3,15.4,15.7,15.8,17.8,17.9,20.7,20.8,24.1,24.2,32.4,32.5
143,1,M,13.3,14.5,14.6,14.8,14.9,15.2,15.3,15.6,15.7,17.4,17.5,19.9,20.0,22.9,23.0,30.5,30.6
143,2,F,13.0,14.4,14.5,14.8,14.9,15.3,15.4,15.7,15.8,17.8,17.9,20.7,20.8,24.2,24.3,32.5,32.6
144,1,M,13.3,14.5,14.6,14.8,14.9,15.3,15.4,15.6,15.7,17.4,17.5,20.0,20.1,23.0,23.1,30.7,30.8
144,2,F,13.1,14.5,14.6,14.8,14.9,15.4,15.5,15.8,15.9,17.9,18.0,20.8,20.9,24.3,24.4,32.7,32.8
